Timestamp,Type,Message
2025-08-04 06:33:57,INFO,"Sleeping for 6 minutes...
"
2025-08-04 06:33:57,INFO,No change. Current roast date: 8-1-25
2025-08-04 06:33:47,INFO,Script started.
2025-08-04 06:28:16,INFO,"Sleeping for 1 minutes...
"
2025-08-04 06:28:16,INFO,No change. Current roast date: 8-1-25
2025-08-04 06:28:03,INFO,Script started.
2025-08-01 10:38:31,INFO,"Sleeping for 1 minutes...
"
2025-08-01 10:38:31,INFO,No change. Current roast date: 8-1-25
2025-08-01 10:38:21,INFO,Script started.
2025-08-01 10:37:21,INFO,"Sleeping for 1 minutes...
"
2025-08-01 10:37:21,INFO,No change. Current roast date: 8-1-25
2025-08-01 10:37:11,INFO,Script started.
2025-08-01 10:36:11,INFO,"Sleeping for 1 minutes...
"
2025-08-01 10:36:11,EMAIL,Notification sent to: sugnan.suresh@ametek.com
2025-08-01 10:36:10,UPDATE,"Roast date updated: 8-1-25

No ETA for the next drop - it'll be weather depending.

Due to high order volume, please expect a couple of days for fulfillment. -> 8-1-25"
2025-08-01 10:36:00,INFO,Script started.
